<?xml version="1.0" encoding="UTF-8"?>
<jcr:root xmlns:sling="http://sling.apache.org/jcr/sling/1.0" xmlns:cq="http://www.day.com/jcr/cq/1.0" xmlns:jcr="http://www.jcp.org/jcr/1.0" xmlns:nt="http://www.jcp.org/jcr/nt/1.0" xmlns:rep="internal"
    jcr:mixinTypes="[rep:AccessControllable]"
    jcr:primaryType="cq:Page">
    <wcm jcr:primaryType="nt:unstructured">
        <foundation jcr:primaryType="nt:unstructured">
            <components jcr:primaryType="nt:unstructured">
                <responsivegrid jcr:primaryType="nt:unstructured">
                    <policy_43716411927253
                        jcr:description="WKND structure components for creating framework of the templates."
                        jcr:lastModified="{Date}2017-10-17T01:53:55.854-05:00"
                        jcr:lastModifiedBy="admin"
                        jcr:primaryType="nt:unstructured"
                        jcr:title="WKND Structure"
                        sling:resourceType="wcm/core/components/policy/policy"
                        components="[/libs/wcm/foundation/components/responsivegrid,group:WKND.Structure]">
                        <jcr:content jcr:primaryType="nt:unstructured"/>
                    </policy_43716411927253>
                    <policy_44010850699199
                        jcr:description="Policy for Components that can be authored for WKND Site"
                        jcr:lastModified="{Date}2017-10-17T01:57:51.366-05:00"
                        jcr:lastModifiedBy="admin"
                        jcr:primaryType="nt:unstructured"
                        jcr:title="WKND Content"
                        sling:resourceType="wcm/core/components/policy/policy"
                        components="group:WKND.Content">
                        <jcr:content jcr:primaryType="nt:unstructured"/>
                    </policy_44010850699199>
                </responsivegrid>
            </components>
        </foundation>
    </wcm>
</jcr:root>
